<?xml version="1.0" encoding="UTF-8"?>
<connector-plugin>
  <connection>  
	<class>athena_connector.AthenaConnectionBuilder</class>
    <name>Athena Connector</name>
    <description>A custom connector for Amazon Athena</description>
    <version>1.0</version>
    <script src="connectionBuilder.py"/>
    <script src="connectionResolver.py"/>
    <script src="dialect.tdd"/>
    <script src="athena_connector.tdr"/>	
    <dialog>
      <file src="dialog.tcd"/>
    </dialog>
  </connection>
</connector-plugin>
